article_id,category,description
1,Botany,A fruit is the seed-bearing structure in flowering plants formed from the ovary after flowering.
2,Culinary,In culinary terms a fruit is the sweet and fleshy product of a tree or other plant that contains seed and can be eaten as food.
3,Health,Eating a diet rich in fruits can reduce the risk of several leading causes of illness and death including heart disease.
4,Agriculture,Fruit farming is the cultivation of fruit-bearing trees and plants for commercial purposes.
5,Biology,Tomatoes are biologically considered fruits because they develop from the ovary of a flower and contain seeds.
6,Botany,The apple is a pome fruit meaning it has a core of seeds surrounded by a tough membrane.
7,Culinary,Vegetables are culinary terms that refer to other parts of plants like leaves stems or roots.
8,Technology,The new smartphone features a cutting-edge processor and improved battery life.
9,Technology,Quantum computing relies on the principles of quantum mechanics to process information.
10,Health,Regular exercise is crucial for maintaining cardiovascular health and overall well-being.
11,Botany,Berries are a type of simple fleshy fruit that usually has many seeds like grapes and tomatoes.
12,Culinary,Bananas are a popular tropical fruit known for their high potassium content and natural packaging.
13,Agriculture,The cultivation of bananas requires a tropical climate with high humidity and rainfall.
14,History,The Silk Road was an ancient network of trade routes that connected the East and West.
15,Biology,Photosynthesis is the process by which green plants use sunlight to synthesize nutrients from carbon dioxide and water.
16,Botany,Citrus fruits such as oranges and lemons are rich in vitamin C and have a thick rind.
17,Culinary,Strawberries are actually not true berries; they are aggregate fruits because they form from a flower with multiple ovaries.
18,Health,Hydration is essential for human survival and plays a role in nearly every bodily function.
19,Technology,Artificial intelligence is a branch of computer science aiming to create machines capable of intelligent behavior.
20,Botany,A drupe is a type of fruit in which an outer fleshy part surrounds a single shell with a seed inside like peaches and cherries.
21,Agriculture,Organic farming avoids the use of synthetic fertilizers and pesticides.
22,Economics,Inflation is the rate at which the general level of prices for goods and services is rising.
23,Biology,The human brain contains approximately 86 billion neurons forming complex networks.
24,Botany,Legumes such as peas and beans are simple dry fruits that develop from a single carpel.
25,Culinary,Avocados are technically single-seeded berries and are known for their high healthy fat content.
26,Botany,Nuts in botany are a type of fruit consisting of a hard or tough nutshell protecting a kernel which is usually edible.
27,History,The Industrial Revolution was a period of major industrialization and innovation that took place during the late 1700s and early 1800s.
28,Health,Sleep plays a vital role in good health and well-being throughout your life.
29,Technology,Blockchain is a decentralized distributed and public digital ledger that is used to record transactions across many computers.
30,Culinary,Pineapples are multiple fruits consisting of coalesced berries and are native to South America.
31,Agriculture,Irrigation is the artificial application of water to land to assist in the production of crops.
32,Biology,DNA carries genetic instructions for the development functioning growth and reproduction of all known organisms.
33,Botany,A pepo is a specialized type of berry with a hard rind characteristic of the gourd family such as watermelons and pumpkins.
34,Economics,Supply and demand is an economic model of price determination in a market.
35,Technology,Virtual reality creates a simulated environment that can be similar to or completely different from the real world.
36,Health,Vaccines help develop immunity by imitating an infection without causing the illness.
37,Culinary,Coconuts can be classified as a fruit a nut or a seed depending on the context.
38,Agriculture,Crop rotation is the practice of growing a series of dissimilar or different types of crops in the same area in sequenced seasons.
39,History,The Renaissance was a fervent period of European cultural artistic political and economic rebirth following the Middle Ages.
40,Botany,Hesperidia are modified berries with a tough leathery rind like lemons and oranges.
41,Biology,Enzymes are proteins that act as biological catalysts accelerating chemical reactions.
42,Economics,Gross Domestic Product is a monetary measure of the market value of all the final goods and services produced in a specific time period.
43,Technology,The Internet of Things describes the network of physical objects embedded with sensors and software for connecting and exchanging data.
44,Health,Antioxidants are compounds that inhibit oxidation a chemical reaction that can produce free radicals.
45,Culinary,Pomegranates are classified as a berry and contain hundreds of seeds surrounded by sweet juicy arils.
46,Agriculture,Hydroponics is a type of horticulture and a subset of hydroculture which involves growing plants without soil.
47,History,The Cold War was a period of geopolitical tension between the Soviet Union and the United States and their respective allies.
48,Biology,Ecology is the branch of biology that deals with the relations of organisms to one another and to their physical surroundings.
49,Botany,An accessory fruit is a fruit in which some of the flesh is derived not from the ovary but from some adjacent tissue exterior to the carpel.
50,Culinary,Olives are small fruits that grow on olive trees and are related to peaches cherries and almonds.
